"ID","Date Found","Platform","Post URL","Username","Asset Class","Digital Asset Relevance","Problem","Decision","Decision Urgency","Capital At Risk","Investor Experience","Current Solution","Information Gap","AIIP Category","Signal Score","Decision Proximity","Customer Stage","Contacted","Response","Willing To Test","Willing To Pay","Outcome","Notes","Signal Freshness","Last Contacted","AIIP-018 Eligibility"
"001","2026-08-14","X","","LEAD-001","Crypto","Confirmed","What memecoins should I buy right now?","BUY","High","Unknown","Unknown","Unknown","Uncertainty about asset selection","Asset Selection","8","3","Signal","No","","Unknown","Unknown","Potential AIIP prospect","Active crypto investment intent.","STALE","","NOT ELIGIBLE - STALE"
"002","2026-08-14","X","","LEAD-002","Crypto","Confirmed","If a coin drops 90%, should I sell what is left or ride it to zero?","SELL/HOLD","High","Yes","Unknown","Unknown","Uncertainty about loss management and decision timing","Risk & Decision Intelligence","8","4","Signal","No","","Unknown","Unknown","Potential AIIP prospect","Explicit emotional and financial decision problem.","STALE","","NOT ELIGIBLE - STALE"
"003","2026-08-14","Reddit","","LEAD-003","Crypto","Confirmed","How do you actually vet a smaller exchange before putting real money on it?","WAIT/EVALUATE","High","Yes","Unknown","Unknown","Uncertainty about exchange safety, liquidity and execution","Risk Intelligence","9","4","Signal","No","","Unknown","Unknown","High-priority discovery lead","Strong evidence of real-money crypto activity and due diligence need.","STALE","","NOT ELIGIBLE - STALE"
"004","2026-08-14","Reddit","","LEAD-004","Crypto","Confirmed","Why does it feel like most crypto traders are just guessing?","OTHER","Medium","Yes","Experienced","Multiple online sources","Information is fragmented and trading advice feels superficial","Decision Intelligence","6","3","Signal","No","","Unknown","Unknown","Discovery lead","Strong problem statement but weaker purchase intent.","STALE","","NOT ELIGIBLE - STALE"
"005","2026-08-14","Reddit","","LEAD-005","Crypto","Confirmed","How can I move USDT into a UK bank account?","SELL/CONVERT","High","Yes","Unknown","Binance/Coinbase","Operational difficulty converting crypto into fiat","Crypto Operations","7","4","Signal","No","","Unknown","Unknown","Potential customer","Real crypto user with an urgent operational problem; not necessarily core AIIP V1.","STALE","","NOT ELIGIBLE - STALE"
"006","2026-08-14","X","","LEAD-006","Technology","Not Relevant","Which AI products should I buy to access Grok and related tools?","BUY","Medium","Yes","Unknown","Multiple products","Uncertainty about technology product selection","Not AIIP","4","2","Signal","No","","Unknown","Unknown","Low-priority lead","Purchase uncertainty exists but no demonstrated digital-asset investment intent.","STALE","","NOT ELIGIBLE - STALE"
"007","2026-08-14","X","","LEAD-007","Stocks","Potential","I just sold $5,500 of my company's stock. What should I buy next?","BUY","High","Yes","Unknown","Unknown","Uncertainty about where to redeploy capital","Capital Allocation","8","4","Signal","No","","Unknown","Unknown","High-priority discovery lead","Digital-asset interest not confirmed.","STALE","","NOT ELIGIBLE - STALE"
"008","2026-08-14","X","","LEAD-008","Stocks","Potential","I have $50,000 sitting in cash ready to be deployed. Pitch me your best stock idea with potential to double in 12 months.","BUY","High","Yes","Unknown","Unknown","Uncertainty about where to deploy substantial capital","Capital Allocation","9","5","Signal","No","","Unknown","Unknown","Very high-priority discovery lead","Strong investment intent; digital-asset interest not confirmed.","STALE","","NOT ELIGIBLE - STALE"
"009","2026-10-06","Reddit","https://www.reddit.com/r/Bitcoin/comments/1wvqfsn/should_i_buy_btc_now/","King_Luffy_9800","Crypto","Confirmed","Uncertainty about whether to buy BTC now or wait for a possible October dip.","BUY/WAIT","High","Unknown","Unknown","Unknown","Uncertainty about entry timing and conflicting market expectations.","Decision Intelligence","6","4","Signal","No","","Unknown","Unknown","Fresh discovery signal","Reddit r/Bitcoin; post ID 1wvqfsn; author asks whether to buy BTC now or wait for an October dip.","FRESH","","PENDING QUALIFICATION"
"010","2026-10-06","Reddit","https://www.reddit.com/r/CryptoMarkets/comments/1ww5aiu/buy_or_wait/","Pvmu1993","Crypto","Confirmed","Uncertainty about whether to keep cash sidelined or DCA into researched crypto projects.","BUY/WAIT","High","Unknown","Unknown","Researching crypto projects","Uncertainty about allocation timing, market sentiment, and how to act on existing research.","Decision Intelligence","7","4","Signal","Yes","","Unknown","Unknown","Fresh discovery signal","Reddit r/CryptoMarkets; post ID 1ww5aiu; asks whether to stack cash or DCA into best-researched projects.","FRESH","2026-10-06","PENDING QUALIFICATION"
"011","2026-10-06","Reddit","https://www.reddit.com/r/Bitcoin/comments/1wpjp2g/im_holding_btc_and_need_some_genuine_advice/","sa1ffff","Crypto","Confirmed","Uncertainty about whether to keep holding BTC or sell at a future price target and buy back later.","HOLD/SELL","High","Yes","Experienced / Existing Holder","Personal target-based strategy and Reddit discussion","Uncertainty about market timing, exit strategy, and whether a sell-and-rebuy strategy can be executed successfully.","Risk & Decision Intelligence","8","5","Signal","No","","Unknown","Unknown","Fresh high-priority discovery signal","Reddit r/Bitcoin; post ID 1wpjp2g; author states they hold 1 BTC and are considering HOLD versus a future SELL-and-rebuy strategy.","FRESH","","PENDING QUALIFICATION"
